id,nshsc-id,trainee-url,surname,forename,dob,email,gender,ethnicity,disability,religion,programme,programme-abbr,specialism,progress,cohort,region,icb,trust,hospital,supported,employer,training site,case manager,case status,case issue/tag/category,outcome,review 1,review 2,review 3,review 4,mrp-test,progress-url,hei,status
854530,491418,https://torchbox.github.io/NSHCS-TMS/templates/details-view.html,Miller,Mark,1974-08-06,johnsonlydia@example.net,Female,Other,N,Buddhist,Practitioner Training Programme,PTP,Cardiac Science - Echo,73,2018,Northern Ireland,NHS South East London,Hampshire Hospitals NHS Foundation Trust,Bristol Centre for Reproductive Medicine,Y,"Oconnell, Reed and Brown","Barking, Havering and Redbridge University Hospitals NHS Trust",Phillip Willis,Open,category 2,,1,,,3,3,https://torchbox.github.io/NSHCS-TMS/templates/progress-view.html,Imperial College London,Inactive
300343,683578,https://torchbox.github.io/NSHCS-TMS/templates/details-view.html,Jones,Alyssa,1976-08-19,april21@example.org,Other,White,Y,Buddhist,Scientist Training Programme,STP,Clinical Bioinformatics - Physics and Engineering Informatics,53,2016,South East,NHS Staffordhsire and Stoke-on-Trent,Ashford and St Peter's Hospitals NHS Foundation Trust,Great Western Hospital,N,"Sanders, Shaw and Strong",London Women's Clinic,Christy Massey,,category 4,,,,3,3,1,https://torchbox.github.io/NSHCS-TMS/templates/progress-view.html,University of Warwick,Inactive - Withdrawn
218155,577191,https://torchbox.github.io/NSHCS-TMS/templates/details-view.html,Andrade,Katie,1978-02-04,perryjonathan@example.net,Female,Black,Y,Muslim,Clinical Data Science Programme,CDSP,Genomic Counselling,3,2020,South East,NHS Humber and North Yorkshire,Hampshire Hospitals NHS Foundation Trust,UKHSA Colindale,Y,Harrell Inc,Trafford General Hospital,Phillip Willis,Open,category 4,Pass,2,1,,1,2,https://torchbox.github.io/NSHCS-TMS/templates/progress-view.html,University of Birmingham,Inactive
483519,116022,https://torchbox.github.io/NSHCS-TMS/templates/details-view.html,Clark,Luke,1983-01-23,xnicholson@example.com,Prefer not to say,Asian,Y,Sikh,Echocardiography Training Programme,ETP,Medical Device Risk Management & Governance,64,2018,NHS Northern Ireland,NHS North East and North Cumbria,St Helens and Knowsley Teaching Hospitals NHS Trust,John Radcliffe Hospital,N,West Group,Epsom General Hospital,Francisco Sharp,Close,category 1,Pass,3,1,,,1,https://torchbox.github.io/NSHCS-TMS/templates/progress-view.html,Newcastle University,Inactive - Withdrawn
108283,827442,https://torchbox.github.io/NSHCS-TMS/templates/details-view.html,Taylor,Shaun,1986-08-05,michael58@example.net,Other,Other,N,Jewish,Practitioner Training Programme,PTP,Cytopathology,75,2021,NHS Northern Ireland,NHS Cambridgeshire and Peterborough,London North West University Healthcare NHS Trust,Kingston Hospital & St Mary's Hospital,N,White Ltd,"Barking, Havering and Redbridge University Hospitals NHS Trust",Jason Taylor,Close,category 4,Fail,3,,,,2,https://torchbox.github.io/NSHCS-TMS/templates/progress-view.html,University College London,Inactive - Withdrawn
952852,849410,https://torchbox.github.io/NSHCS-TMS/templates/details-view.html,Thompson,Michael,1970-12-04,pamelastanley@example.org,Other,Asian,N,Jewish,Echocardiography Training Programme,ETP,Microbiology,87,2021,Midlands,NHS South East London,King's College Hospital NHS Foundation Trust,York Hospital,N,Hughes-Edwards,Countess of Chester Hospital,Francisco Sharp,Close,category 3,Pass,,1,,3,2,https://torchbox.github.io/NSHCS-TMS/templates/progress-view.html,Queen's University Belfast,Active - FT
565238,118685,https://torchbox.github.io/NSHCS-TMS/templates/details-view.html,Wu,April,1982-05-02,weissjulie@example.net,Male,White,N,Hindu,Scientist Training Programme,STP,Bioinformatics - Genomics,85,2019,South West,NHS Black Country,Imperial College Healthcare NHS Trust,Cumberland Infirmary,Y,"Curtis, Ochoa and Bates",Altnagelvin Hospital,Tracy Gonzalez,Close,category 3,,3,1,2,2,1,https://torchbox.github.io/NSHCS-TMS/templates/progress-view.html,Newcastle University,Active - PT
909754,265003,https://torchbox.github.io/NSHCS-TMS/templates/details-view.html,Barnes,Sarah,1977-01-10,alexcordova@example.org,Female,Black,N,Muslim,Echocardiography Training Programme,ETP,Clinical Bioinformatics - Physics and Engineering Informatics,58,2015,Midlands,NHS South Yorkshire,London North Consortium,St. Michael's Hospital,Y,Gonzalez-Lee,Glan Clwyd Hospital,Karen Forbes,Open,category 2,,,,,1,1,https://torchbox.github.io/NSHCS-TMS/templates/progress-view.html,King's College London,Inactive - Withdrawn
485463,621965,https://torchbox.github.io/NSHCS-TMS/templates/details-view.html,Pacheco,Christie,1989-05-15,ryanthomas@example.com,Female,Black,N,Other,Higher Specialist Scientist Training Programme,HSSTP,Imaging (Non-Ionising Radiation),33,2020,Northern Ireland,NHS Black Country,Gloucestershire Hospitals NHS Foundation Trust,Royal Victoria Infirmary,Y,"Callahan, Davidson and Hill",Burnley General Teaching Hospital,Jason Taylor,Close,category 2,Fail,1,1,,,1,https://torchbox.github.io/NSHCS-TMS/templates/progress-view.html,University of Oxford,Inactive - Passed
615696,694501,https://torchbox.github.io/NSHCS-TMS/templates/details-view.html,Jones,Amanda,1976-06-23,bjoyce@example.org,Other,Prefer not to say,N,Christian,Higher Specialist Scientist Training,HSST,Molecular Pathology of Acquired Disease,88,2020,NHS Scotland,NHS Staffordhsire and Stoke-on-Trent,East and North Hertfordshire NHS Trust,St. Michael's Hospital,N,"Boyle, Powell and Graves",Frenchay Hospital,Renee Harris,Open,category 3,Pass,3,,3,1,1,https://torchbox.github.io/NSHCS-TMS/templates/progress-view.html,Imperial College London,Inactive
975390,644083,https://torchbox.github.io/NSHCS-TMS/templates/details-view.html,Vincent,Richard,1993-03-19,jdougherty@example.com,Male,Other,Y,Other,Higher Specialist Scientist Training,HSST,Critical Care Science,60,2019,South West,NHS Devon,East and North Hertfordshire NHS Trust,Royal Gwent Hospital,N,Martinez-Holland,Good Hope Hospital,Dr. Shane Wilson,Close,category 3,,,,1,2,3,https://torchbox.github.io/NSHCS-TMS/templates/progress-view.html,University of Southampton,Inactive - Withdrawn
739741,548314,https://torchbox.github.io/NSHCS-TMS/templates/details-view.html,Harding,Edward,1992-05-09,mtaylor@example.org,Other,White,Y,Christian,Clinical Data Science Programme,CDSP,Genomics,40,2021,NHS Northern Ireland,NHS Staffordhsire and Stoke-on-Trent,Leeds Teaching Hospitals NHS Trust,Stepping Hill Hospital,Y,Roberts-Henderson,IVI London,Jason Taylor,Close,category 3,,1,,,1,2,https://torchbox.github.io/NSHCS-TMS/templates/progress-view.html,University of Manchester,Inactive - Failed
986563,247442,https://torchbox.github.io/NSHCS-TMS/templates/details-view.html,Owen,Stephanie,1995-01-06,lawsonrichard@example.net,Female,Black,N,Sikh,Practitioner Training Programme,PTP,Radiation Safety Physics,84,2021,South West,NHS Kent and Medway,Brighton and Sussex University Hospitals NHS Trust,"Barking, Havering and Redbridge University Hospitals NHS Trust",Y,"Huynh, Jones and Adams","Barking, Havering and Redbridge University Hospitals NHS Trust",Dr. Shane Wilson,Open,category 1,,3,1,3,,2,https://torchbox.github.io/NSHCS-TMS/templates/progress-view.html,University of Oxford,Active - FT
737691,703696,https://torchbox.github.io/NSHCS-TMS/templates/details-view.html,Livingston,Michael,1972-12-01,monica27@example.net,Female,Asian,Y,Sikh,Higher Specialist Scientist Training Programme,HSSTP,Virology,76,2017,North West,NHS South Yorkshire,Barts Health NHS Trust,Airedale General Hospital,N,Atkinson-Alvarez,University Hospital of South Manchester NHS Foundation Trust,Dr. Shane Wilson,Close,category 1,Pass,1,,,1,1,https://torchbox.github.io/NSHCS-TMS/templates/progress-view.html,University of Cambridge,Inactive - Passed
867253,373329,https://torchbox.github.io/NSHCS-TMS/templates/details-view.html,Charles,Donna,1972-06-07,robert57@example.com,Male,Prefer not to say,Y,Hindu,Clinical Data Science Programme,CDSP,Radiotherapy Physics,2,2020,East of England,NHS Cornwall and The Isles of Scilly,Salford Royal NHS Foundation Trust,University Hospital Llandough,Y,Price-Hawkins,Royal Stoke University Hospital,Francisco Sharp,Open,category 1,,1,,,,2,https://torchbox.github.io/NSHCS-TMS/templates/progress-view.html,University of Leeds,Inactive - Failed
915575,673782,https://torchbox.github.io/NSHCS-TMS/templates/details-view.html,Adams,Ashlee,1985-07-30,phyllis32@example.org,Female,Other,N,Prefer not to say,Echocardiography Training Programme,ETP,Medical Physics - Unspecified,73,2017,South East,NHS Staffordhsire and Stoke-on-Trent,South Tees Hospitals NHS Foundation Trust,"St. Mary's Pharmaceutical Unit, Cardiff",N,Allen Group,Yorkhill Hospital,Christy Massey,Open,category 1,Fail,,,,2,2,https://torchbox.github.io/NSHCS-TMS/templates/progress-view.html,University of Manchester,Inactive
520293,318714,https://torchbox.github.io/NSHCS-TMS/templates/details-view.html,Moses,Tara,1982-10-13,david85@example.net,Prefer not to say,White,Y,Sikh,Clinical Data Science Programme,CDSP,Radiotherapy Physics,26,2018,Midlands,NHS Staffordhsire and Stoke-on-Trent,Sandwell and West Birmingham Hospitals NHS Trust,Southmead Hospital,Y,"Andrews, Hampton and Thornton",NHS Blood and Transplant - Birmingham,Jason Taylor,Close,category 4,,3,,1,3,2,https://torchbox.github.io/NSHCS-TMS/templates/progress-view.html,University of Sheffield,Active - FT
716677,226336,https://torchbox.github.io/NSHCS-TMS/templates/details-view.html,Henderson,Scott,1983-12-10,garciazachary@example.com,Other,Black,N,Buddhist,Higher Specialist Scientist Training,HSST,Imaging (Non-Ionising Radiation),34,2015,East of England,NHS South West London,Sussex Community NHS Foundation Trust,Royal Gwent Hospital,Y,"Davis, Matthews and Ramirez",Sandwell and West Birmingham Hospitals NHS Trust (Consortium),Renee Harris,Open,category 4,Fail,,2,2,,1,https://torchbox.github.io/NSHCS-TMS/templates/progress-view.html,Queen's University Belfast,Inactive - Passed
453596,120557,https://torchbox.github.io/NSHCS-TMS/templates/details-view.html,White,Lisa,1982-03-10,tranmarcus@example.net,Female,Prefer not to say,N,Hindu,Echocardiography Training Programme,ETP,Clinical Bioinformatics - Physics and Engineering Informatics,51,2020,NHS Northern Ireland,NHS Nottingham and Nottinghamshire,Gateshead Health NHS Foundation Trust,Bristol Eye Hospital,Y,Mason-Jones,"Musgrove Park Hospital,",Karen Forbes,Open,category 2,Pass,,,1,,2,https://torchbox.github.io/NSHCS-TMS/templates/progress-view.html,King's College London,Active - FT
320632,146552,https://torchbox.github.io/NSHCS-TMS/templates/details-view.html,Haynes,Carla,1974-06-16,ann22@example.com,Male,Black,Y,Sikh,Practitioner Training Programme,PTP,Vascular Science,96,2020,NHS Wales,NHS Dorset,South Tees Hospitals NHS Foundation Trust,Princess of Wales Hospital,N,Alvarez Ltd,Royal Cornwall Hospital,Karen Forbes,Close,category 4,Pass,,2,,1,3,https://torchbox.github.io/NSHCS-TMS/templates/progress-view.html,King's College London,Active - PT
938854,107023,https://torchbox.github.io/NSHCS-TMS/templates/details-view.html,Johnson,Dakota,1999-08-15,brian21@example.org,Prefer not to say,Asian,Y,Hindu,Practitioner Training Programme,PTP,Haematology,8,2021,North East & Yorkshire,NHS Hertfordshire and West Essex,Bradford Teaching Hospitals NHS Foundation Trust,Liverpool Women's Hospital,Y,"Wells, Horn and Vargas",Blackpool Teaching Hospitals NHS Foundation Trust,Francisco Sharp,,category 4,Fail,1,,3,,2,https://torchbox.github.io/NSHCS-TMS/templates/progress-view.html,University of Warwick,Inactive - Withdrawn
890386,835663,https://torchbox.github.io/NSHCS-TMS/templates/details-view.html,Johnston,Tara,1982-10-29,mooremichael@example.org,Other,Black,N,Prefer not to say,Higher Specialist Scientist Training Programme,HSSTP,Cytopathology,6,2017,East of England,NHS South West London,Royal Surrey NHS Foundation Trust,Chailey Clinical Services,N,"Lowe, Mayo and Hill","Princess Royal Hospital, The",Jason Taylor,,category 3,Pass,2,,2,2,3,https://torchbox.github.io/NSHCS-TMS/templates/progress-view.html,University of Southampton,Inactive - Withdrawn
573482,755505,https://torchbox.github.io/NSHCS-TMS/templates/details-view.html,Taylor,Cynthia,1991-03-06,tuckershannon@example.com,Other,Asian,Y,Hindu,Scientist Training Programme,STP,Reproductive Science (HSST),94,2020,London,NHS Cornwall and The Isles of Scilly,Blackpool Teaching Hospitals NHS Foundation Trust,Welsh Blood Service,N,Wagner-Skinner,Nottingham University Hospitals NHS Trust,Jason Taylor,,category 3,,1,,,1,2,https://torchbox.github.io/NSHCS-TMS/templates/progress-view.html,University of Warwick,Inactive - Failed
152490,808937,https://torchbox.github.io/NSHCS-TMS/templates/details-view.html,Lane,Melissa,2005-07-22,shermantiffany@example.com,Male,Black,N,Sikh,Scientist Training Programme,STP,Clinical Bioinformatics - Genomics,13,2019,South West,NHS Somerset,Maidstone and Tunbridge Wells NHS Trust,Melchett Road Aseptics Unit,Y,Lyons Group,UKHSA Colindale,Francisco Sharp,Open,category 2,,,,2,1,3,https://torchbox.github.io/NSHCS-TMS/templates/progress-view.html,University of Oxford,Inactive - Failed
154008,236807,https://torchbox.github.io/NSHCS-TMS/templates/details-view.html,Clark,Michelle,1968-02-13,natasha75@example.net,Female,Asian,Y,Other,Higher Specialist Scientist Training,HSST,Imaging (Ionising Radiation),8,2018,South West,NHS Derby and Derbyshire,Cardiff and Vale University Health Board,North Scotland Clinical Genetics Service,N,Salazar LLC,Camelia Botnar Laboratories,Renee Harris,Open,category 1,Pass,3,3,2,1,3,https://torchbox.github.io/NSHCS-TMS/templates/progress-view.html,University of Southampton,Inactive - Withdrawn
922613,810669,https://torchbox.github.io/NSHCS-TMS/templates/details-view.html,Peters,Bill,1980-09-09,hollylee@example.net,Female,Other,Y,Sikh,Higher Specialist Scientist Training Programme,HSSTP,Radiation Safety Physics,9,2017,NHS Wales,NHS Hertfordshire and West Essex,Peterborough & Stamford NHS Foundation Trust,St George's Hospital,N,Warren-Hahn,University College Hospital,Phillip Willis,,category 3,Fail,,,,,2,https://torchbox.github.io/NSHCS-TMS/templates/progress-view.html,University of Warwick,Inactive
662570,130648,https://torchbox.github.io/NSHCS-TMS/templates/details-view.html,Rose,Thomas,1990-05-31,joshua78@example.org,Prefer not to say,Other,N,Hindu,Practitioner Training Programme,PTP,Clinical Biochemistry,96,2021,South East,NHS Gloucestershire,County Durham and Darlington NHS Foundation Trust,Sandwell General Hospital,N,King and Sons,Chester and Wirral Microbiology Service,Carrie Mcconnell,Close,category 2,,,2,,1,3,https://torchbox.github.io/NSHCS-TMS/templates/progress-view.html,University of Warwick,Inactive - Passed
733749,474288,https://torchbox.github.io/NSHCS-TMS/templates/details-view.html,Edwards,Michele,1989-07-08,pamelaescobar@example.com,Male,Prefer not to say,N,Prefer not to say,Echocardiography Training Programme,ETP,Ophthalmic & Vision Sciences,96,2018,East of England,NHS Lancashire and South Cumbria,Royal Devon and Exeter NHS Foundation TrustRoyal Cornwall Hospitals NHS Trust,CARE Fertility Woking,Y,"Curry, Melton and Nguyen",North West Genomic Laboratory Hub,Karen Forbes,,category 1,Pass,,,,2,3,https://torchbox.github.io/NSHCS-TMS/templates/progress-view.html,Queen's University Belfast,Active - PT
104432,681283,https://torchbox.github.io/NSHCS-TMS/templates/details-view.html,Barber,Arthur,1975-06-19,christinatucker@example.net,Other,White,N,Hindu,Higher Specialist Scientist Training,HSST,Haematology,52,2015,South West,NHS Lancashire and South Cumbria,Cwm Taf Morgannwg University Health Board,Forth Valley Royal Hospital,N,"Rowland, Mckee and Moran",Velindre Hospital,Renee Harris,,category 1,Fail,,,2,3,1,https://torchbox.github.io/NSHCS-TMS/templates/progress-view.html,Newcastle University,Inactive - Failed
245568,318230,https://torchbox.github.io/NSHCS-TMS/templates/details-view.html,Jimenez,Beth,1975-02-14,martinezandre@example.com,Other,Black,Y,Hindu,Scientist Training Programme,STP,Vascular Science,26,2020,London,"NHS Buckinghamshire, Oxfordshire and Berkshire West",Royal Devon and Exeter NHS Foundation TrustRoyal Cornwall Hospitals NHS Trust,Moorfields Eye Hospital,Y,"Webb, Miller and Wood",NHS Golden Jubilee,Phillip Willis,Open,category 4,Fail,1,,,,1,https://torchbox.github.io/NSHCS-TMS/templates/progress-view.html,University of Warwick,Inactive
623557,240608,https://torchbox.github.io/NSHCS-TMS/templates/details-view.html,Johnson,John,1980-03-05,gonzalescory@example.org,Male,Prefer not to say,N,Prefer not to say,Practitioner Training Programme,PTP,Critical Care Science,71,2015,North East & Yorkshire,NHS North East and North Cumbria,Royal Brompton & Harefield NHS Foundation Trust,Sandwell General Hospital,N,Smith-Cummings,Alder Hey Children's Hospital,Christy Massey,Open,category 4,,3,,1,3,1,https://torchbox.github.io/NSHCS-TMS/templates/progress-view.html,University of Warwick,Inactive - Withdrawn
609578,780653,https://torchbox.github.io/NSHCS-TMS/templates/details-view.html,Schwartz,Gregory,2005-07-20,courtney68@example.net,Other,Black,Y,Prefer not to say,Practitioner Training Programme,PTP,Radiation Safety Physics,18,2015,East of England,NHS Humber and North Yorkshire,County Durham and Darlington NHS Foundation Trust,New Cross Hospital,Y,"Carter, Allen and Silva",St James's University Hospital,Carrie Mcconnell,Close,category 3,Fail,,,2,,3,https://torchbox.github.io/NSHCS-TMS/templates/progress-view.html,University of Liverpool,Active - PT
334900,551236,https://torchbox.github.io/NSHCS-TMS/templates/details-view.html,Hernandez,Andre,1999-06-17,zjohnson@example.com,Other,Black,Y,Jewish,Scientist Training Programme,STP,Respiratory & Sleep Sciences,7,2016,North West,NHS Derby and Derbyshire,Great Ormond Street Hospital for Children NHS Foundation Trust,Good Hope Hospital,N,Wilson and Sons,Raigmore Hospital,Jason Taylor,Close,category 4,Pass,,3,2,2,3,https://torchbox.github.io/NSHCS-TMS/templates/progress-view.html,King's College London,Active - PT
157173,339576,https://torchbox.github.io/NSHCS-TMS/templates/details-view.html,Smith,Sydney,1989-05-31,mikaylamorrow@example.com,Male,Prefer not to say,Y,Christian,Practitioner Training Programme,PTP,Molecular Pathology of Infection,83,2018,London,NHS Somerset,Salford Royal NHS Foundation Trust,Birmingham (Publich Health Labs),N,York PLC,Salisbury District Hospital,Dr. Shane Wilson,Open,category 3,,1,2,,,1,https://torchbox.github.io/NSHCS-TMS/templates/progress-view.html,University College London,Active - FT
770663,317737,https://torchbox.github.io/NSHCS-TMS/templates/details-view.html,Reese,Katie,1978-01-31,hmcclure@example.com,Female,Asian,N,Jewish,Higher Specialist Scientist Training,HSST,Bioinformatics - Genomics,99,2016,East of England,NHS Herefordshire and Worcestershire,South Tees Hospitals NHS Foundation Trust,Queen Mary's Hospital,N,"Waters, Brown and Martin",NHS Blood and Transplant - Barnsley,Dr. Shane Wilson,Close,category 2,,1,,2,3,2,https://torchbox.github.io/NSHCS-TMS/templates/progress-view.html,University of Manchester,Inactive - Withdrawn
587135,818982,https://torchbox.github.io/NSHCS-TMS/templates/details-view.html,Rivera,Kerry,1986-05-19,johnli@example.org,Other,Asian,N,Sikh,Clinical Data Science Programme,CDSP,Echocardiography PG Cert,84,2019,North West,NHS North Central London,Sandwell and West Birmingham Hospitals NHS Trust,Cumberland Infirmary,Y,Cortez-Larsen,CARE Fertility Birmingham,Tracy Gonzalez,Open,category 2,,,,,1,2,https://torchbox.github.io/NSHCS-TMS/templates/progress-view.html,University of Warwick,Inactive - Passed
150517,946948,https://torchbox.github.io/NSHCS-TMS/templates/details-view.html,Yang,Melissa,1993-09-06,ginacontreras@example.com,Female,Asian,N,Prefer not to say,Higher Specialist Scientist Training Programme,HSSTP,Reproductive Science (HSST),40,2021,London,NHS South West London,Imperial College Healthcare NHS Trust,St Helens Hospital,Y,"Spencer, Bean and Brooks",University Hospital Southampton NHS Foundation Trust,Francisco Sharp,,category 2,,2,3,,1,1,https://torchbox.github.io/NSHCS-TMS/templates/progress-view.html,University of Liverpool,Inactive - Passed
657946,856725,https://torchbox.github.io/NSHCS-TMS/templates/details-view.html,Espinoza,Rebecca,1988-07-23,meyersean@example.com,Male,Prefer not to say,Y,Buddhist,Higher Specialist Scientist Training,HSST,Clinical Bioinformatics - Health Informatics,3,2017,NHS Northern Ireland,NHS Surrey Heartlands,Central Manchester University Hospitals NHS Foundation Trust,King Edward VII Hospital,Y,Webb-Pacheco,CARE Fertility Chester,Phillip Willis,,category 1,Fail,,,,3,2,https://torchbox.github.io/NSHCS-TMS/templates/progress-view.html,University of Manchester,Inactive - Withdrawn
440991,969369,https://torchbox.github.io/NSHCS-TMS/templates/details-view.html,Cannon,Jacob,1998-11-27,allendavis@example.org,Male,Other,Y,Hindu,Practitioner Training Programme,PTP,Audiology,40,2015,Midlands,NHS Gloucestershire,Great Ormond Street Hospital for Children NHS Foundation Trust,Yorkhill Hospital,Y,Davenport-Chase,KCH/GST/Marsden/UCL,Jason Taylor,Open,category 1,Fail,,1,,,1,https://torchbox.github.io/NSHCS-TMS/templates/progress-view.html,University of Nottingham,Active - PT
273988,738319,https://torchbox.github.io/NSHCS-TMS/templates/details-view.html,Clark,Brian,1987-01-18,julia78@example.com,Prefer not to say,Black,Y,Hindu,Echocardiography Training Programme,ETP,Microbiology,8,2021,London,NHS Frimley,Sheffield Children's NHS Foundation Trust,Belfast City Hospital,N,Dudley Inc,Dorset County Hospital,Dr. Shane Wilson,Close,category 3,Fail,1,,2,1,2,https://torchbox.github.io/NSHCS-TMS/templates/progress-view.html,University College London,Inactive - Withdrawn
709828,895383,https://torchbox.github.io/NSHCS-TMS/templates/details-view.html,Anderson,Alicia,1980-10-18,bmann@example.net,Prefer not to say,Black,Y,Sikh,Scientist Training Programme,STP,Audiology,83,2021,NHS Northern Ireland,NHS Mid and South Essex,St George's University Hospitals NHS Foundation Trust,NHS Blood and Transplant - Newcastle,Y,Maynard-Jenkins,Shropshire and Mid Wales Fertility Centre,Carrie Mcconnell,,category 3,,,,1,,1,https://torchbox.github.io/NSHCS-TMS/templates/progress-view.html,University of Birmingham,Active - FT
268197,945483,https://torchbox.github.io/NSHCS-TMS/templates/details-view.html,James,Dylan,1977-01-09,xburns@example.net,Male,Prefer not to say,N,Buddhist,Higher Specialist Scientist Training Programme,HSSTP,Clinical Biochemistry,15,2019,South East,NHS Cornwall and The Isles of Scilly,South Tees Hospitals NHS Foundation Trust,Neath Port Talbot Hospital,N,Booker-Murphy,Hereford County Hospital,Jason Taylor,,category 4,Pass,3,3,,,1,https://torchbox.github.io/NSHCS-TMS/templates/progress-view.html,University College London,Inactive
188972,526714,https://torchbox.github.io/NSHCS-TMS/templates/details-view.html,Powell,Tina,1984-08-23,csullivan@example.net,Female,Asian,N,Muslim,Clinical Data Science Programme,CDSP,Echocardiography PG Cert,58,2019,South East,NHS Cornwall and The Isles of Scilly,Great Ormond Street Hospital for Children NHS Foundation Trust,Chapel Allerton Hospital,Y,Clay-Rodriguez,Bristol Centre for Reproductive Medicine,Carrie Mcconnell,,category 3,Fail,,,3,1,1,https://torchbox.github.io/NSHCS-TMS/templates/progress-view.html,University of Sheffield,Inactive - Passed
128625,499823,https://torchbox.github.io/NSHCS-TMS/templates/details-view.html,Sullivan,John,1966-03-08,baileytiffany@example.org,Female,Other,N,Prefer not to say,Clinical Data Science Programme,CDSP,Virology,64,2018,North East & Yorkshire,NHS Gloucestershire,South London Consortium,"St Margaret's Hospital, Epping",Y,Morgan Inc,Ysbyty Wrexham Maelor,Carrie Mcconnell,Open,category 3,Pass,,,,,2,https://torchbox.github.io/NSHCS-TMS/templates/progress-view.html,University of Liverpool,Active - PT
777995,966858,https://torchbox.github.io/NSHCS-TMS/templates/details-view.html,Norton,Frank,1982-06-18,johnsonsusan@example.net,Other,Other,Y,Christian,Practitioner Training Programme,PTP,Clinical Biomedical Engineering,79,2017,NHS Wales,NHS Suffolk and North East Essex,East and North Hertfordshire NHS Trust,University Hospital Monklands,N,"Mathis, Mccormick and Allen",Russells Hall Hospital,Carrie Mcconnell,Close,category 3,Pass,,1,,3,2,https://torchbox.github.io/NSHCS-TMS/templates/progress-view.html,Queen's University Belfast,Active - PT
838064,615589,https://torchbox.github.io/NSHCS-TMS/templates/details-view.html,Hernandez,Joseph,1967-01-11,pharvey@example.com,Prefer not to say,Asian,Y,Hindu,Scientist Training Programme,STP,Gastrointestinal Physiology,18,2018,North West,"NHS Shropshire, Telford and Wrekin",Imperial College Healthcare NHS Trust,UKHSA Colindale,N,"Glover, Wood and Morales",Countess of Chester Hospital,Karen Forbes,Close,category 3,Fail,3,,,,1,https://torchbox.github.io/NSHCS-TMS/templates/progress-view.html,University of Nottingham,Active - FT
237010,668727,https://torchbox.github.io/NSHCS-TMS/templates/details-view.html,Wheeler,Jade,1986-03-23,yjohnson@example.com,Other,Prefer not to say,N,Prefer not to say,Higher Specialist Scientist Training Programme,HSSTP,Clinical Bioinformatics - Health Informatics,74,2019,North West,NHS Birmingham and Solihull,Guy's and St Thomas' NHS Foundation Trust,Blackpool Teaching Hospitals NHS Foundation Trust,N,House Group,University Hospital Ayr,Christy Massey,Open,category 2,Pass,,2,2,2,1,https://torchbox.github.io/NSHCS-TMS/templates/progress-view.html,University of Southampton,Inactive - Passed
623188,401938,https://torchbox.github.io/NSHCS-TMS/templates/details-view.html,Porter,Sandra,1980-12-17,slee@example.org,Male,Asian,N,Other,Practitioner Training Programme,PTP,Nuclear Medicine,40,2016,North East & Yorkshire,NHS Kent and Medway,Cwm Taf Morgannwg University Health Board,Solihull Hospital,N,Holden-Chase,Royal Free Hospital,Francisco Sharp,,category 3,Pass,,3,1,1,1,https://torchbox.github.io/NSHCS-TMS/templates/progress-view.html,Queen's University Belfast,Active - PT
690645,945226,https://torchbox.github.io/NSHCS-TMS/templates/details-view.html,Mcgee,Paul,1982-02-03,lauren82@example.org,Female,Asian,N,Muslim,Higher Specialist Scientist Training,HSST,Clinical Bioinformatics - Genomics,59,2019,NHS Scotland,NHS Nottingham and Nottinghamshire,Bolton NHS Foundation Trust,University Hospitals Coventry & Warwickshire NHS Trust (WM Consortium),N,"Harper, Yoder and Cuevas","Princess Anne Hospital, Southampton",Francisco Sharp,Close,category 4,Fail,1,2,3,2,2,https://torchbox.github.io/NSHCS-TMS/templates/progress-view.html,University of Liverpool,Active - FT
683901,739873,https://torchbox.github.io/NSHCS-TMS/templates/details-view.html,Singh,Richard,1979-05-03,williamschristina@example.com,Prefer not to say,Asian,N,Sikh,Practitioner Training Programme,PTP,Clinical Microbiology,6,2017,North West,"NHS Leicester, Leicestershire and Rutland",Portsmouth Hospitals NHS Trust,Hereford County Hospital,Y,Reynolds Inc,TriTech Institute,Dr. Shane Wilson,Open,category 3,,,,,2,3,https://torchbox.github.io/NSHCS-TMS/templates/progress-view.html,Newcastle University,Inactive - Failed
799409,572177,https://torchbox.github.io/NSHCS-TMS/templates/details-view.html,Brown,Lauren,1997-12-08,hdavis@example.com,Male,Black,N,Muslim,Practitioner Training Programme,PTP,Radiotherapy Physics,24,2015,London,NHS Mid and South Essex,Belfast Health & Social Care Trust,Bristol Heart Institute,N,Lyons-Gonzalez,Guy's & St Thomas' NHS Foundation Trust,Francisco Sharp,,category 1,,,,1,1,3,https://torchbox.github.io/NSHCS-TMS/templates/progress-view.html,Imperial College London,Inactive - Passed
451703,349797,https://torchbox.github.io/NSHCS-TMS/templates/details-view.html,Sharp,John,1995-01-07,theresa08@example.net,Prefer not to say,Prefer not to say,N,Hindu,Scientist Training Programme,STP,Respiratory & Sleep Sciences,15,2019,NHS Scotland,NHS Humber and North Yorkshire,Burton Hospitals NHS Foundation Trust,Milton Keynes Hospital,N,Taylor-Gray,Central Manchester University Hospitals NHS Foundation Trust,Christy Massey,,category 1,Fail,3,,,2,2,https://torchbox.github.io/NSHCS-TMS/templates/progress-view.html,Queen's University Belfast,Active - FT
397858,673328,https://torchbox.github.io/NSHCS-TMS/templates/details-view.html,Butler,Gordon,2002-10-05,andrew18@example.com,Female,Asian,N,Hindu,Clinical Data Science Programme,CDSP,Haematology,56,2021,North East & Yorkshire,NHS Stafforsdshire and Stoke-on-Trent,Portsmouth Hospitals NHS Trust,"Barking, Havering and Redbridge University Hospitals NHS Trust",N,Cunningham-Castillo,Churchill Hospital,Jason Taylor,,category 3,,,,,3,1,https://torchbox.github.io/NSHCS-TMS/templates/progress-view.html,Queen's University Belfast,Inactive - Passed
853934,527702,https://torchbox.github.io/NSHCS-TMS/templates/details-view.html,Jones,Jorge,1995-09-08,jeffrey59@example.org,Female,Prefer not to say,N,Jewish,Practitioner Training Programme,PTP,Clinical Biomedical Engineering,98,2021,NHS Scotland,NHS North Central London,Leeds Teaching Hospitals NHS Trust,Arrowe Park Hospital,Y,Jones Ltd,"Princess of Wales Hospital, Glamorgan",Tracy Gonzalez,Open,category 2,Pass,,1,,2,3,https://torchbox.github.io/NSHCS-TMS/templates/progress-view.html,University of Leeds,Inactive - Failed
195220,902277,https://torchbox.github.io/NSHCS-TMS/templates/details-view.html,Mendez,Scott,2004-04-13,hannah70@example.net,Female,White,Y,Hindu,Scientist Training Programme,STP,Bioinformatics - Genomics,73,2015,NHS Wales,NHS Nottingham and Nottinghamshire,University Hospital Southampton NHS Foundation Trust,St Thomas' Hospital,N,Lucas-Ruiz,Royal Victoria Hospital,Phillip Willis,Open,category 1,,3,,,2,1,https://torchbox.github.io/NSHCS-TMS/templates/progress-view.html,Cardiff University,Inactive - Failed
702573,552277,https://torchbox.github.io/NSHCS-TMS/templates/details-view.html,Santiago,Alyssa,1984-04-23,andrew53@example.com,Male,Prefer not to say,N,Hindu,Clinical Data Science Programme,CDSP,Critical Care Science,94,2017,North West,NHS Nottingham and Nottinghamshire,University Hospitals Plymouth NHS Trust,Rotherham General Hospital,Y,"Wilcox, Williams and Miller",Royal Stoke University Hospital,Francisco Sharp,Open,category 3,,,,,,1,https://torchbox.github.io/NSHCS-TMS/templates/progress-view.html,University of Manchester,Inactive - Failed
198667,822159,https://torchbox.github.io/NSHCS-TMS/templates/details-view.html,Glenn,Darren,1994-03-07,brittney21@example.org,Other,Asian,N,Prefer not to say,Higher Specialist Scientist Training Programme,HSSTP,Genomics,36,2018,Northern Ireland,NHS Cambridgeshire and Peterborough,Gateshead Health NHS Foundation Trust,Southern General Hospital,N,"Robles, Bell and Branch",Airedale General Hospital,Tracy Gonzalez,Open,category 1,Fail,3,,,,2,https://torchbox.github.io/NSHCS-TMS/templates/progress-view.html,Newcastle University,Inactive - Withdrawn
756580,838951,https://torchbox.github.io/NSHCS-TMS/templates/details-view.html,Bean,Michele,1967-03-03,yatesyolanda@example.org,Male,White,Y,Other,Clinical Data Science Programme,CDSP,Clinical Bioinformatics - Health Informatics,59,2015,Northern Ireland,NHS Mid and South Essex,Salford Royal NHS Foundation Trust,Northern General Hospital,Y,Kent-Rangel,Bradford Royal Infirmary,Francisco Sharp,,category 4,Pass,,1,,,2,https://torchbox.github.io/NSHCS-TMS/templates/progress-view.html,University of Cambridge,Inactive - Withdrawn
379275,497023,https://torchbox.github.io/NSHCS-TMS/templates/details-view.html,Burton,Michael,1968-01-07,traviselizabeth@example.org,Male,Black,Y,Prefer not to say,Echocardiography Training Programme,ETP,Clinical Measurement & Development,51,2017,NHS Northern Ireland,"NHS Buckinghamshire, Oxfordshire and Berkshire West",Cambridge University Hospitals NHS Foundation Trust,Bristol Eye Hospital,Y,White LLC,Southern General Hospital,Tracy Gonzalez,Open,category 2,,1,2,2,,1,https://torchbox.github.io/NSHCS-TMS/templates/progress-view.html,University of Leeds,Active - FT
465076,563984,https://torchbox.github.io/NSHCS-TMS/templates/details-view.html,Schneider,Angela,1981-10-07,wford@example.net,Female,Black,N,Other,Higher Specialist Scientist Training Programme,HSSTP,Genomics,70,2021,NHS Scotland,NHS Hertfordshire and West Essex,Ashford and St Peter's Hospitals NHS Foundation Trust,University Hospital Southampton NHS Foundation Trust,N,"Jones, Campbell and Williamson",Royal Oldham Hospital,Carrie Mcconnell,,category 1,,1,,,2,3,https://torchbox.github.io/NSHCS-TMS/templates/progress-view.html,Cardiff University,Inactive
281628,478616,https://torchbox.github.io/NSHCS-TMS/templates/details-view.html,Mills,Wendy,1964-09-28,huffmandavid@example.net,Male,Black,N,Sikh,Echocardiography Training Programme,ETP,Echocardiography PG Cert,4,2020,Northern Ireland,"NHS Bedforshire, Luton and Milton Keynes",Kingston Hospital NHS Foundation Trust,NHS Blood and Transplant - Newcastle,Y,Mckay Ltd,St Maryâ€™s Hospital,Christy Massey,,category 4,Pass,1,,,3,2,https://torchbox.github.io/NSHCS-TMS/templates/progress-view.html,University College London,Inactive
936915,970589,https://torchbox.github.io/NSHCS-TMS/templates/details-view.html,Chavez,Jennifer,1999-10-07,justin92@example.net,Prefer not to say,White,N,Prefer not to say,Clinical Data Science Programme,CDSP,Clinical Measurement & Development,40,2019,NHS Northern Ireland,NHS Mid and South Essex,Salisbury NHS Foundation Trust,Liverpool Heart and Chest Hospital,Y,"Clark, White and Lewis","Moor House, Leeds",Phillip Willis,Open,category 3,Fail,1,1,,,1,https://torchbox.github.io/NSHCS-TMS/templates/progress-view.html,University College London,Active - FT
468024,224493,https://torchbox.github.io/NSHCS-TMS/templates/details-view.html,Rose,Dawn,1979-09-12,josephbrewer@example.com,Male,Black,Y,Jewish,Clinical Data Science Programme,CDSP,Radiotherapy Physics,89,2016,London,NHS Frimley,Belfast Health & Social Care Trust,NHS Blood and Transplant - Colindale,Y,Sanchez and Sons,NHS Golden Jubilee,Renee Harris,Open,category 2,Fail,,,2,,3,https://torchbox.github.io/NSHCS-TMS/templates/progress-view.html,University of Leeds,Inactive - Failed
946230,615938,https://torchbox.github.io/NSHCS-TMS/templates/details-view.html,Clark,Joseph,1964-07-08,eric84@example.com,Female,Other,N,Sikh,Practitioner Training Programme,PTP,Clinical Biochemistry,66,2017,South West,NHS Staffordhsire and Stoke-on-Trent,Mid Cheshire Hospitals NHS Foundation Trust,Sunderland Royal Hospital,N,Hardin-Fox,Cumberland Infirmary,Carrie Mcconnell,,category 1,,,,1,,3,https://torchbox.github.io/NSHCS-TMS/templates/progress-view.html,Newcastle University,Inactive
546512,402739,https://torchbox.github.io/NSHCS-TMS/templates/details-view.html,Joseph,Ashlee,1976-03-19,williamsmiguel@example.com,Other,White,Y,Prefer not to say,Higher Specialist Scientist Training Programme,HSSTP,Clinical Bioinformatics - Physics and Engineering Informatics,53,2020,South East,NHS Hampshire and Isle of Wight,Colchester University NHS Foundation Trust,"St Margaret's Hospital, Epping",N,"Callahan, Lewis and Gray",Royal Liverpool University Hospital,Jason Taylor,Close,category 4,,3,1,3,,1,https://torchbox.github.io/NSHCS-TMS/templates/progress-view.html,University of Liverpool,Inactive - Failed
780299,685834,https://torchbox.github.io/NSHCS-TMS/templates/details-view.html,Hunter,Stephanie,2000-11-20,adamflores@example.com,Female,White,N,Muslim,Higher Specialist Scientist Training,HSST,Medical Physics - Unspecified,73,2015,East of England,NHS Lincolnshire,Queen Victoria Hospital NHS Foundation Trust,"Queen's Hospital, Romford",Y,Brown-Webb,Manchester Royal Infirmary,Karen Forbes,Close,category 2,Pass,1,,1,1,3,https://torchbox.github.io/NSHCS-TMS/templates/progress-view.html,University of Oxford,Inactive
973277,672961,https://torchbox.github.io/NSHCS-TMS/templates/details-view.html,Allen,William,1971-01-20,abigail00@example.net,Other,White,Y,Muslim,Higher Specialist Scientist Training Programme,HSSTP,Urological Science,45,2018,Northern Ireland,NHS Devon,Imperial College Healthcare NHS Trust,London Women's Clinic,Y,Bentley-Lee,George Eliot Hospital,Christy Massey,Close,category 2,Fail,,3,,2,1,https://torchbox.github.io/NSHCS-TMS/templates/progress-view.html,University of Oxford,Inactive - Withdrawn
545068,465733,https://torchbox.github.io/NSHCS-TMS/templates/details-view.html,Young,Matthew,1979-09-09,annette43@example.org,Other,Asian,Y,Muslim,Clinical Data Science Programme,CDSP,Clinical Biomedical Engineering,30,2021,London,"NHS Bath and North East Somerset, Swindon and Wiltshire",Gloucestershire Hospitals NHS Foundation Trust,Newcastle Centre for Life,Y,Hodge Ltd,Yorkhill Hospital,Christy Massey,,category 1,,,2,,,1,https://torchbox.github.io/NSHCS-TMS/templates/progress-view.html,University of Sheffield,Active - PT
813510,862035,https://torchbox.github.io/NSHCS-TMS/templates/details-view.html,Green,Joshua,1964-09-23,smithnancy@example.net,Male,White,N,Muslim,Clinical Data Science Programme,CDSP,Cancer Genomics,49,2015,NHS Northern Ireland,NHS Cornwall and The Isles of Scilly,Birmingham Children's Hospital NHS Foundation Trust,CARE Fertility Sheffield,Y,"Lang, Harrison and Griffith",Russells Hall Hospital,Renee Harris,Open,category 1,,,,2,2,1,https://torchbox.github.io/NSHCS-TMS/templates/progress-view.html,Cardiff University,Inactive - Withdrawn
209049,533705,https://torchbox.github.io/NSHCS-TMS/templates/details-view.html,Mcguire,Lisa,1996-03-13,amyperez@example.net,Prefer not to say,Asian,Y,Sikh,Scientist Training Programme,STP,Reconstructive Science,7,2018,North East & Yorkshire,NHS South West London,Royal Free London NHS Foundation Trust,"Posture and Mobility Centre, Treforest",Y,"Curtis, Clayton and Stanley",St Helens Hospital,Carrie Mcconnell,Open,category 4,Fail,1,,2,,2,https://torchbox.github.io/NSHCS-TMS/templates/progress-view.html,University of Nottingham,Active - FT
921392,277278,https://torchbox.github.io/NSHCS-TMS/templates/details-view.html,Brown,Johnny,1967-12-12,christopher60@example.com,Male,Prefer not to say,N,Other,Echocardiography Training Programme,ETP,Molecular Pathology of Acquired Disease,53,2019,NHS Northern Ireland,NHS Hampshire and Isle of Wight,Mid Yorkshire Hospitals NHS Trust,Poole Hospital,Y,"Simmons, Arellano and Garcia",Royal Hallamshire Hospital,Christy Massey,Open,category 3,Pass,,,,,3,https://torchbox.github.io/NSHCS-TMS/templates/progress-view.html,King's College London,Active - PT
174646,470752,https://torchbox.github.io/NSHCS-TMS/templates/details-view.html,Scott,Sarah,1996-04-26,johnsonstacy@example.net,Other,Black,N,Christian,Clinical Data Science Programme,CDSP,Microbiology,33,2019,South East,NHS Humber and North Yorkshire,Royal Cornwall Hospitals NHS Trust,Electronic Assistive Technology Service (Lincoln),N,Salazar-Barrera,Ysbyty Wrexham Maelor,Jason Taylor,Open,category 3,,,,1,,1,https://torchbox.github.io/NSHCS-TMS/templates/progress-view.html,University of Sheffield,Inactive - Passed
479934,841756,https://torchbox.github.io/NSHCS-TMS/templates/details-view.html,Fowler,Linda,1963-10-18,swashington@example.com,Prefer not to say,Asian,Y,Jewish,Scientist Training Programme,STP,Medical Device Risk Management & Governance,97,2020,NHS Northern Ireland,NHS Frimley,County Durham and Darlington NHS Foundation Trust,TriTech Institute,N,Jackson Ltd,St. Bartholomew's Hospital,Dr. Shane Wilson,Open,category 1,,1,3,,1,1,https://torchbox.github.io/NSHCS-TMS/templates/progress-view.html,University of Warwick,Active - FT
310662,388223,https://torchbox.github.io/NSHCS-TMS/templates/details-view.html,Matthews,Russell,1967-03-17,meyerronald@example.net,Prefer not to say,Prefer not to say,N,Christian,Clinical Data Science Programme,CDSP,Cancer Genomics,52,2020,South East,"NHS Leicester, Leicestershire and Rutland",Guy's and St Thomas' NHS Foundation Trust,"Walton Centre, The",Y,Arellano-Acevedo,University Hospital Ayr,Phillip Willis,Open,category 4,Fail,,,3,3,1,https://torchbox.github.io/NSHCS-TMS/templates/progress-view.html,University of Birmingham,Inactive - Withdrawn
560993,669551,https://torchbox.github.io/NSHCS-TMS/templates/details-view.html,Scott,Danielle,1971-06-27,bturner@example.com,Other,Asian,Y,Muslim,Scientist Training Programme,STP,Genetics,31,2016,Northern Ireland,NHS Devon,Hull University Teaching Hospitals NHS Trust,Singleton Hospital,Y,"Edwards, Shaw and Craig",Solihull Hospital,Dr. Shane Wilson,,category 4,Fail,,2,,3,2,https://torchbox.github.io/NSHCS-TMS/templates/progress-view.html,University of Nottingham,Active - PT
935336,850492,https://torchbox.github.io/NSHCS-TMS/templates/details-view.html,Wheeler,Jason,2004-06-08,james66@example.net,Female,Other,N,Jewish,Echocardiography Training Programme,ETP,Transfusion Science,45,2019,East of England,NHS Hertfordshire and West Essex,London North West University Healthcare NHS Trust,Royal Berkshire Hospital,N,Bentley-Hayes,Southern General Hospital,Dr. Shane Wilson,,category 4,Pass,1,1,3,,3,https://torchbox.github.io/NSHCS-TMS/templates/progress-view.html,University of Southampton,Inactive
591175,206819,https://torchbox.github.io/NSHCS-TMS/templates/details-view.html,Sellers,David,1969-08-07,james82@example.net,Female,Prefer not to say,N,Muslim,Higher Specialist Scientist Training Programme,HSSTP,Cytopathology,69,2017,London,NHS Kent and Medway,University Hospitals Plymouth NHS Trust,The National Hospital for Neurology and Neurosurgery,N,Wilson Group,KCH/GST/Marsden/UCL,Carrie Mcconnell,,category 4,,,3,3,,1,https://torchbox.github.io/NSHCS-TMS/templates/progress-view.html,University of Manchester,Inactive - Failed
122283,749745,https://torchbox.github.io/NSHCS-TMS/templates/details-view.html,Knox,Matthew,1997-03-20,iwheeler@example.net,Male,Other,N,Other,Clinical Data Science Programme,CDSP,Medical Device Risk Management & Governance,44,2015,NHS Scotland,NHS Derby and Derbyshire,United Lincolnshire Hospitals NHS Trust,Wrexham Maelor Hospital,N,White-Ward,Northern Ireland Cancer Centre,Carrie Mcconnell,,category 3,Pass,,,1,,2,https://torchbox.github.io/NSHCS-TMS/templates/progress-view.html,University College London,Active - FT
688301,485770,https://torchbox.github.io/NSHCS-TMS/templates/details-view.html,Rivera,Sharon,1964-05-15,jonathancaldwell@example.net,Other,Black,N,Hindu,Higher Specialist Scientist Training,HSST,Genetics,66,2021,Midlands,NHS Sussex,Royal Brompton & Harefield NHS Foundation Trust,NHS Blood and Transplant - Leeds,Y,"Oliver, Henderson and Moreno",NHS Blood and Transplant - Newcastle,Christy Massey,Close,category 1,Fail,,3,,2,3,https://torchbox.github.io/NSHCS-TMS/templates/progress-view.html,University of Birmingham,Inactive
925115,697749,https://torchbox.github.io/NSHCS-TMS/templates/details-view.html,Davis,Audrey,1965-06-09,cknight@example.org,Prefer not to say,Asian,Y,Hindu,Practitioner Training Programme,PTP,Haematology & Transfusion Science,38,2021,Northern Ireland,NHS Staffordhsire and Stoke-on-Trent,Cambridge University Hospitals NHS Foundation Trust,The Centre for Reproductive and Genetic Health,Y,"Morgan, Gould and Roberts",University Hospital of Wales,Francisco Sharp,Open,category 1,,,,2,,2,https://torchbox.github.io/NSHCS-TMS/templates/progress-view.html,University of Cambridge,Inactive - Failed
250374,853408,https://torchbox.github.io/NSHCS-TMS/templates/details-view.html,Shah,Kenneth,1999-11-03,mcdonaldmegan@example.org,Male,White,N,Prefer not to say,Practitioner Training Programme,PTP,Rehabilitation Engineering,21,2018,NHS Scotland,NHS Cambridgeshire and Peterborough,Berkshire Healthcare NHS Foundation Trust,St. Helier Hospital,N,Phillips-Moore,St James's University Hospital,Carrie Mcconnell,,category 1,Pass,,,3,2,3,https://torchbox.github.io/NSHCS-TMS/templates/progress-view.html,Queen's University Belfast,Inactive - Passed
954630,623201,https://torchbox.github.io/NSHCS-TMS/templates/details-view.html,Woods,Christopher,1981-06-25,perryjill@example.org,Prefer not to say,Black,Y,Prefer not to say,Higher Specialist Scientist Training Programme,HSSTP,Imaging (Ionising Radiation),82,2020,NHS Wales,NHS Staffordhsire and Stoke-on-Trent,Derby Hospitals NHS Foundation Trust,New Cross Hospital,Y,"Park, Reid and Campbell",CARE Fertility Nottingham,Dr. Shane Wilson,Close,category 1,,1,3,3,,3,https://torchbox.github.io/NSHCS-TMS/templates/progress-view.html,University of Leeds,Inactive - Failed
407962,518619,https://torchbox.github.io/NSHCS-TMS/templates/details-view.html,Davis,Alexis,1977-04-24,itucker@example.com,Female,White,Y,Other,Practitioner Training Programme,PTP,Clinical Bioinformatics - Genomics,56,2018,NHS Wales,NHS North East and North Cumbria,Cwm Taf Morgannwg University Health Board,Jessop Wing,Y,Mcdonald Ltd,Wythenshawe Hospital,Tracy Gonzalez,Close,category 4,Fail,,,2,3,1,https://torchbox.github.io/NSHCS-TMS/templates/progress-view.html,King's College London,Inactive
344448,654038,https://torchbox.github.io/NSHCS-TMS/templates/details-view.html,Smith,Traci,1989-12-06,megananderson@example.com,Male,Other,Y,Other,Echocardiography Training Programme,ETP,Reproductive Science - Embryology,42,2019,East of England,NHS North East London,Peterborough & Stamford NHS Foundation Trust,St. Helier Hospital,N,Warner Ltd,Wythenshawe Hospital,Phillip Willis,Close,category 2,Fail,2,,,,3,https://torchbox.github.io/NSHCS-TMS/templates/progress-view.html,University of Manchester,Inactive - Withdrawn
986587,388351,https://torchbox.github.io/NSHCS-TMS/templates/details-view.html,Hill,Kevin,1998-07-26,dominicperez@example.org,Other,Prefer not to say,Y,Buddhist,Higher Specialist Scientist Training Programme,HSSTP,Imaging (Ionising Radiation),98,2019,Midlands,NHS South Yorkshire,South Tees Hospitals NHS Foundation Trust,Singleton Hospital,Y,Wilcox-Jones,Airedale General Hospital,Dr. Shane Wilson,,category 4,,2,3,,,1,https://torchbox.github.io/NSHCS-TMS/templates/progress-view.html,Cardiff University,Inactive
871865,956346,https://torchbox.github.io/NSHCS-TMS/templates/details-view.html,Reynolds,Matthew,1964-05-13,quinnhannah@example.com,Prefer not to say,Black,N,Other,Higher Specialist Scientist Training Programme,HSSTP,Imaging (Non-Ionising Radiation),4,2017,London,NHS Lincolnshire,Royal Free London NHS Foundation Trust,Royal Brompton Hospital,N,Johnson Ltd,Great Ormond Street Hospital,Francisco Sharp,Open,category 3,Pass,1,1,,,2,https://torchbox.github.io/NSHCS-TMS/templates/progress-view.html,University of Birmingham,Inactive - Failed
419570,778207,https://torchbox.github.io/NSHCS-TMS/templates/details-view.html,Guzman,Samuel,1987-03-20,meadowsandrea@example.net,Female,Other,Y,Sikh,Clinical Data Science Programme,CDSP,Medical Device Risk Management & Governance,61,2017,NHS Wales,NHS Cambridgeshire and Peterborough,Cambridge University Hospitals NHS Foundation Trust,CARE Fertility Northampton,N,Parker-Mullen,Frenchay Hospital,Renee Harris,,category 1,Pass,2,,2,,2,https://torchbox.github.io/NSHCS-TMS/templates/progress-view.html,Imperial College London,Inactive - Passed
325416,263352,https://torchbox.github.io/NSHCS-TMS/templates/details-view.html,Odom,Kelly,1995-06-25,kwilliamson@example.net,Female,Other,Y,Prefer not to say,Higher Specialist Scientist Training,HSST,Reproductive Science - Embryology,60,2020,North East & Yorkshire,NHS South Yorkshire,South Tees Hospitals NHS Foundation Trust,Health Service Laboratories,Y,Silva-Williams,University Hospital of South Manchester NHS Foundation Trust,Dr. Shane Wilson,,category 1,Fail,3,,,,3,https://torchbox.github.io/NSHCS-TMS/templates/progress-view.html,Queen's University Belfast,Inactive
677143,618529,https://torchbox.github.io/NSHCS-TMS/templates/details-view.html,Jordan,Amanda,2000-07-23,pwilliams@example.org,Other,White,N,Buddhist,Practitioner Training Programme,PTP,Imaging (Non-Ionising Radiation),6,2020,South East,NHS Norfolk and Waveney,Belfast Health & Social Care Trust,CARE Fertility Birmingham,N,Perez-Douglas,Queen Elizabeth Hospital Birmingham,Dr. Shane Wilson,Open,category 4,,1,2,,3,1,https://torchbox.github.io/NSHCS-TMS/templates/progress-view.html,University of Southampton,Inactive - Passed
717397,510389,https://torchbox.github.io/NSHCS-TMS/templates/details-view.html,Duke,William,1967-08-13,tguerra@example.net,Other,White,N,Jewish,Echocardiography Training Programme,ETP,Microbiology,31,2018,South West,NHS Sussex,Cwm Taf Morgannwg University Health Board,Moorfields Eye Hospital,Y,Burns-Armstrong,TriTech Institute,Tracy Gonzalez,Open,category 4,,1,,,,3,https://torchbox.github.io/NSHCS-TMS/templates/progress-view.html,University of Oxford,Inactive - Passed
894440,411004,https://torchbox.github.io/NSHCS-TMS/templates/details-view.html,Miller,Cody,1980-05-13,kevincarpenter@example.org,Female,Asian,Y,Buddhist,Higher Specialist Scientist Training Programme,HSSTP,Haematology & Transfusion Science,92,2020,Midlands,NHS South Yorkshire,The Royal Marsden NHS Foundation Trust,Queen Victoria Hospital,N,Fitzgerald LLC,University Hospital of South Manchester NHS Foundation Trust,Christy Massey,Close,category 2,Fail,1,,1,,1,https://torchbox.github.io/NSHCS-TMS/templates/progress-view.html,University of Cambridge,Inactive
580198,415587,https://torchbox.github.io/NSHCS-TMS/templates/details-view.html,Moreno,John,1966-10-14,ufarmer@example.org,Other,Asian,N,Buddhist,Higher Specialist Scientist Training Programme,HSSTP,Genomics,80,2021,Midlands,NHS Greater Manchester,University Hospital Southampton NHS Foundation Trust,NHS Blood and Transplant - Newcastle,Y,"Little, Lopez and Mitchell",Cardiff and Vale University Health Board,Phillip Willis,,category 2,,,,,2,2,https://torchbox.github.io/NSHCS-TMS/templates/progress-view.html,Imperial College London,Inactive
605809,111016,https://torchbox.github.io/NSHCS-TMS/templates/details-view.html,Ho,Melissa,1978-12-10,lawrence05@example.org,Female,Asian,N,Buddhist,Scientist Training Programme,STP,Clinical Bioinformatics - Genomics,68,2020,North East & Yorkshire,NHS Lancashire and South Cumbria,Mid Yorkshire Hospitals NHS Trust,Hull Royal Infirmary,Y,Davidson and Sons,Walsall Manor Hospital,Renee Harris,Close,category 1,Pass,1,,3,,1,https://torchbox.github.io/NSHCS-TMS/templates/progress-view.html,University of Manchester,Inactive - Passed
151008,104325,https://torchbox.github.io/NSHCS-TMS/templates/details-view.html,Reyes,Alexander,2000-01-09,sarah50@example.net,Male,Prefer not to say,Y,Hindu,Clinical Data Science Programme,CDSP,Clinical Immunology,99,2018,South East,NHS Cornwall and The Isles of Scilly,Peterborough & Stamford NHS Foundation Trust,West Suffolk Hospital,N,"Daniels, Livingston and Salinas",CARE Fertility Chester,Karen Forbes,Close,category 1,,,2,,,2,https://torchbox.github.io/NSHCS-TMS/templates/progress-view.html,Newcastle University,Inactive - Withdrawn
203368,698805,https://torchbox.github.io/NSHCS-TMS/templates/details-view.html,Washington,Sean,2005-08-03,ppierce@example.com,Female,Prefer not to say,N,Jewish,Higher Specialist Scientist Training Programme,HSSTP,Imaging (Ionising Radiation),7,2016,NHS Northern Ireland,NHS Kent and Medway,Peterborough & Stamford NHS Foundation Trust,Worcestershire Royal Hospital,Y,"Chandler, Graham and Acevedo","Queen Elizabeth University Hospital, Glasgow",Francisco Sharp,Close,category 4,Pass,2,,2,,2,https://torchbox.github.io/NSHCS-TMS/templates/progress-view.html,University of Warwick,Active - FT
519734,570770,https://torchbox.github.io/NSHCS-TMS/templates/details-view.html,Meyer,Katherine,1989-01-15,frank70@example.org,Female,Prefer not to say,N,Prefer not to say,Scientist Training Programme,STP,Clinical Bioinformatics - Physics and Engineering Informatics,68,2018,South East,NHS Nottingham and Nottinghamshire,Somerset NHS Foundation Trust,Bradford Royal Infirmary,Y,Davis Inc,University College Hospital,Phillip Willis,Close,category 1,,2,,2,3,1,https://torchbox.github.io/NSHCS-TMS/templates/progress-view.html,University of Warwick,Inactive
142557,429577,https://torchbox.github.io/NSHCS-TMS/templates/details-view.html,Valdez,Austin,1984-05-23,william20@example.com,Female,Asian,Y,Buddhist,Clinical Data Science Programme,CDSP,Medical Device Risk Management & Governance,7,2016,Northern Ireland,NHS Nottingham and Nottinghamshire,Bradford Teaching Hospitals NHS Foundation Trust,Milton Keynes Hospital,N,King LLC,Birmingham Heartlands Hospital,Karen Forbes,,category 1,,2,,3,1,1,https://torchbox.github.io/NSHCS-TMS/templates/progress-view.html,Cardiff University,Active - FT
571632,299151,https://torchbox.github.io/NSHCS-TMS/templates/details-view.html,Padilla,Sandra,1998-04-20,davidlloyd@example.com,Other,Prefer not to say,Y,Buddhist,Clinical Data Science Programme,CDSP,Haematology & Transfusion Science,19,2019,South West,NHS Norfolk and Waveney,Sussex Community NHS Foundation Trust,Princess of Wales Hospital,Y,"Robertson, Trevino and Jones",Royal Cornwall Hospital,Jason Taylor,Open,category 4,Pass,,,,1,1,https://torchbox.github.io/NSHCS-TMS/templates/progress-view.html,Queen's University Belfast,Inactive - Passed
985312,593381,https://torchbox.github.io/NSHCS-TMS/templates/details-view.html,Johnson,Richard,1977-09-21,martinezwanda@example.com,Male,White,N,Christian,Higher Specialist Scientist Training,HSST,Clinical Bioinformatics - Physical Sciences,5,2020,North West,NHS Greater Manchester,East and North Hertfordshire NHS Trust,Shropshire and Mid Wales Fertility Centre,N,"Crawford, Nelson and Mitchell",Great Ormond Street Hospital,Carrie Mcconnell,Close,category 2,,,,,,2,https://torchbox.github.io/NSHCS-TMS/templates/progress-view.html,University of Southampton,Inactive - Passed
307381,650030,https://torchbox.github.io/NSHCS-TMS/templates/details-view.html,Craig,Megan,1979-03-28,victoriacardenas@example.net,Other,Prefer not to say,N,Muslim,Higher Specialist Scientist Training,HSST,Clinical Biomedical Engineering,18,2017,NHS Scotland,NHS Staffordhsire and Stoke-on-Trent,Salford Royal NHS Foundation Trust,University Hospital Aintree,Y,"West, Barnes and Mata",Morriston Hospital,Jason Taylor,Close,category 3,Pass,1,2,,3,2,https://torchbox.github.io/NSHCS-TMS/templates/progress-view.html,University of Nottingham,Inactive
